,HomeTeam,HomePoints,HomeYards,AwayTeam,AwayPoints,AwayYards,MatchString
0,PHI,18.0,232.0,ATL,12.0,299.0,20181ATLPHI
1,NO,40.0,475.0,TB,48.0,529.0,20181TBNO
2,BAL,47.0,369.0,BUF,3.0,153.0,20181BUFBAL
3,IND,23.0,380.0,CIN,34.0,330.0,20181CININD
4,CLE,21.0,327.0,PIT,21.0,472.0,20181PITCLE
5,MIA,27.0,342.0,TEN,20.0,336.0,20181TENMIA
6,NE,27.0,389.0,HOU,20.0,325.0,20181HOUNE
7,NYG,15.0,324.0,JAX,20.0,305.0,20181JAXNYG
8,MIN,24.0,343.0,SF,16.0,327.0,20181SFMIN
9,LAC,28.0,541.0,KC,38.0,362.0,20181KCLAC
10,ARI,6.0,213.0,WAS,24.0,429.0,20181WASARI
11,CAR,16.0,293.0,DAL,8.0,232.0,20181DALCAR
12,DEN,27.0,470.0,SEA,24.0,306.0,20181SEADEN
13,GB,24.0,370.0,CHI,23.0,294.0,20181CHIGB
14,DET,17.0,339.0,NYJ,48.0,349.0,20181NYJDET
15,LV,13.0,395.0,LAR,33.0,365.0,20181LARLV
16,CIN,34.0,373.0,BAL,23.0,425.0,20182BALCIN
17,TB,27.0,436.0,PHI,21.0,412.0,20182PHITB
18,GB,29.0,351.0,MIN,29.0,480.0,20182MINGB
19,TEN,20.0,283.0,HOU,17.0,437.0,20182HOUTEN
20,PIT,37.0,475.0,KC,42.0,449.0,20182KCPIT
21,WAS,9.0,334.0,IND,21.0,281.0,20182INDWAS
22,ATL,31.0,442.0,CAR,24.0,439.0,20182CARATL
23,BUF,20.0,293.0,LAC,31.0,349.0,20182LACBUF
24,NO,21.0,275.0,CLE,18.0,327.0,20182CLENO
25,NYJ,12.0,362.0,MIA,20.0,257.0,20182MIANYJ
26,LAR,34.0,432.0,ARI,0.0,137.0,20182ARILAR
27,SF,30.0,346.0,DET,27.0,427.0,20182DETSF
28,DEN,20.0,385.0,LV,19.0,373.0,20182LVDEN
29,JAX,31.0,480.0,NE,20.0,302.0,20182NEJAX
30,DAL,20.0,298.0,NYG,13.0,255.0,20182NYGDAL
31,CHI,24.0,271.0,SEA,17.0,276.0,20182SEACHI
32,CLE,21.0,323.0,NYJ,17.0,268.0,20183NYJCLE
33,ATL,37.0,407.0,NO,43.0,534.0,20183NOATL
34,MIN,6.0,292.0,BUF,27.0,292.0,20183BUFMIN
35,MIA,28.0,373.0,LV,20.0,434.0,20183LVMIA
36,BAL,27.0,342.0,DEN,14.0,293.0,20183DENBAL
37,CAR,31.0,377.0,CIN,21.0,396.0,20183CINCAR
38,WAS,31.0,386.0,GB,17.0,340.0,20183GBWAS
39,HOU,22.0,427.0,NYG,27.0,379.0,20183NYGHOU
40,JAX,6.0,232.0,TEN,9.0,233.0,20183TENJAX
41,KC,38.0,384.0,SF,27.0,406.0,20183SFKC
42,PHI,20.0,379.0,IND,16.0,209.0,20183INDPHI
43,LAR,35.0,521.0,LAC,23.0,356.0,20183LACLAR
44,ARI,14.0,221.0,CHI,16.0,316.0,20183CHIARI
45,SEA,24.0,295.0,DAL,13.0,303.0,20183DALSEA
46,DET,26.0,414.0,NE,10.0,209.0,20183NEDET
47,TB,27.0,455.0,PIT,30.0,413.0,20183PITTB
48,LAR,38.0,556.0,MIN,31.0,446.0,20184MINLAR
49,DAL,26.0,414.0,DET,24.0,382.0,20184DETDAL
50,TEN,26.0,397.0,PHI,23.0,432.0,20184PHITEN
51,JAX,31.0,503.0,NYJ,12.0,178.0,20184NYJJAX
52,IND,34.0,478.0,HOU,37.0,466.0,20184HOUIND
53,ATL,36.0,495.0,CIN,37.0,407.0,20184CINATL
54,GB,22.0,423.0,BUF,0.0,145.0,20184BUFGB
55,CHI,48.0,483.0,TB,10.0,311.0,20184TBCHI
56,NE,38.0,449.0,MIA,7.0,172.0,20184MIANE
57,ARI,17.0,263.0,SEA,20.0,331.0,20184SEAARI
58,LV,45.0,565.0,CLE,42.0,487.0,20184CLELV
59,NYG,18.0,299.0,NO,33.0,389.0,20184NONYG
60,LAC,29.0,368.0,SF,27.0,364.0,20184SFLAC
61,PIT,14.0,284.0,BAL,26.0,451.0,20184BALPIT
62,DEN,23.0,385.0,KC,27.0,446.0,20184KCDEN
63,NE,38.0,438.0,IND,24.0,439.0,20185INDNE
64,CAR,33.0,350.0,NYG,31.0,432.0,20185NYGCAR
65,PIT,41.0,381.0,ATL,17.0,324.0,20185ATLPIT
66,BUF,13.0,223.0,TEN,12.0,221.0,20185TENBUF
67,CIN,27.0,332.0,MIA,17.0,297.0,20185MIACIN
68,CLE,12.0,416.0,BAL,9.0,410.0,20185BALCLE
69,NYJ,34.0,512.0,DEN,16.0,436.0,20185DENNYJ
70,DET,31.0,264.0,GB,23.0,521.0,20185GBDET
71,KC,30.0,424.0,JAX,14.0,502.0,20185JAXKC
72,LAC,26.0,412.0,LV,10.0,289.0,20185LVLAC
73,SEA,31.0,373.0,LAR,33.0,468.0,20185LARSEA
74,PHI,21.0,364.0,MIN,23.0,375.0,20185MINPHI
75,SF,18.0,447.0,ARI,28.0,220.0,20185ARISF
76,HOU,19.0,462.0,DAL,16.0,292.0,20185DALHOU
77,NO,43.0,447.0,WAS,19.0,283.0,20185WASNO
78,NYG,13.0,401.0,PHI,34.0,379.0,20186PHINYG
79,MIA,31.0,541.0,CHI,28.0,467.0,20186CHIMIA
80,WAS,23.0,288.0,CAR,17.0,350.0,20186CARWAS
81,MIN,27.0,411.0,ARI,17.0,268.0,20186ARIMIN
82,NYJ,42.0,374.0,IND,34.0,428.0,20186INDNYJ
83,ATL,34.0,417.0,TB,29.0,510.0,20186TBATL
84,HOU,20.0,216.0,BUF,13.0,229.0,20186BUFHOU
85,LV,3.0,185.0,SEA,27.0,369.0,20186SEALV
86,CIN,21.0,275.0,PIT,28.0,481.0,20186PITCIN
87,CLE,14.0,317.0,LAC,38.0,449.0,20186LACCLE
88,DEN,20.0,357.0,LAR,23.0,444.0,20186LARDEN
89,DAL,40.0,378.0,JAX,7.0,204.0,20186JAXDAL
90,TEN,0.0,106.0,BAL,21.0,361.0,20186BALTEN
91,NE,43.0,500.0,KC,40.0,446.0,20186KCNE
92,GB,33.0,521.0,SF,30.0,401.0,20186SFGB
93,ARI,10.0,223.0,DEN,45.0,309.0,20187DENARI
94,LAC,20.0,344.0,TEN,19.0,390.0,20187TENLAC
95,PHI,17.0,342.0,CAR,21.0,371.0,20187CARPHI
96,MIA,21.0,322.0,DET,32.0,457.0,20187DETMIA
97,CHI,31.0,453.0,NE,38.0,381.0,20187NECHI
98,NYJ,17.0,263.0,MIN,37.0,316.0,20187MINNYJ
99,IND,37.0,376.0,BUF,5.0,303.0,20187BUFIND
100,JAX,7.0,259.0,HOU,20.0,272.0,20187HOUJAX
101,TB,26.0,456.0,CLE,23.0,305.0,20187CLETB
102,BAL,23.0,351.0,NO,24.0,339.0,20187NOBAL
103,WAS,20.0,305.0,DAL,17.0,323.0,20187DALWAS
104,SF,10.0,228.0,LAR,39.0,339.0,20187LARSF
105,KC,45.0,551.0,CIN,10.0,239.0,20187CINKC
106,ATL,23.0,423.0,NYG,20.0,433.0,20187NYGATL
107,HOU,42.0,427.0,MIA,23.0,370.0,20188MIAHOU
108,JAX,18.0,335.0,PHI,24.0,395.0,20188PHIJAX
109,CHI,24.0,395.0,NYJ,10.0,207.0,20188NYJCHI
110,CAR,36.0,386.0,BAL,21.0,325.0,20188BALCAR
111,DET,14.0,331.0,SEA,28.0,413.0,20188SEADET
112,NYG,13.0,303.0,WAS,20.0,360.0,20188WASNYG
113,KC,30.0,340.0,DEN,23.0,411.0,20188DENKC
114,CIN,37.0,402.0,TB,34.0,576.0,20188TBCIN
115,PIT,33.0,421.0,CLE,18.0,237.0,20188CLEPIT
116,LV,28.0,347.0,IND,42.0,461.0,20188INDLV
117,LAR,29.0,416.0,GB,27.0,359.0,20188GBLAR
118,ARI,18.0,321.0,SF,15.0,267.0,20188SFARI
119,MIN,20.0,423.0,NO,30.0,270.0,20188NOMIN
120,BUF,6.0,333.0,NE,25.0,387.0,20188NEBUF
121,SF,34.0,405.0,LV,3.0,242.0,20189LVSF
122,CAR,42.0,407.0,TB,28.0,301.0,20189TBCAR
123,BAL,16.0,265.0,PIT,23.0,395.0,20189PITBAL
124,MIN,24.0,283.0,DET,9.0,209.0,20189DETMIN
125,WAS,14.0,366.0,ATL,38.0,491.0,20189ATLWAS
126,BUF,9.0,264.0,CHI,41.0,190.0,20189CHIBUF
127,CLE,21.0,388.0,KC,37.0,499.0,20189KCCLE
128,MIA,13.0,168.0,NYJ,6.0,282.0,20189NYJMIA
129,SEA,17.0,356.0,LAC,25.0,375.0,20189LACSEA
130,DEN,17.0,348.0,HOU,19.0,290.0,20189HOUDEN
131,NO,45.0,487.0,LAR,35.0,483.0,20189LARNO
132,NE,31.0,433.0,GB,17.0,367.0,20189GBNE
133,DAL,14.0,297.0,TEN,28.0,340.0,20189TENDAL
134,PIT,52.0,457.0,CAR,21.0,242.0,201810CARPIT
135,CLE,28.0,427.0,ATL,16.0,382.0,201810ATLCLE
136,TB,3.0,501.0,WAS,16.0,286.0,201810WASTB
137,CIN,14.0,284.0,NO,51.0,509.0,201810NOCIN
138,IND,29.0,366.0,JAX,26.0,415.0,201810JAXIND
139,KC,26.0,330.0,ARI,14.0,260.0,201810ARIKC
140,CHI,34.0,402.0,DET,22.0,305.0,201810DETCHI
141,TEN,34.0,385.0,NE,10.0,284.0,201810NETEN
142,NYJ,10.0,199.0,BUF,41.0,451.0,201810BUFNYJ
143,LV,6.0,317.0,LAC,20.0,335.0,201810LACLV
144,GB,31.0,377.0,MIA,12.0,294.0,201810MIAGB
145,LAR,36.0,456.0,SEA,31.0,414.0,201810SEALAR
146,PHI,20.0,421.0,DAL,27.0,410.0,201810DALPHI
147,SF,23.0,374.0,NYG,27.0,277.0,201810NYGSF
148,SEA,27.0,378.0,GB,24.0,359.0,201811GBSEA
149,DET,20.0,309.0,CAR,19.0,387.0,201811CARDET
150,WAS,21.0,278.0,HOU,23.0,320.0,201811HOUWAS
151,ATL,19.0,354.0,DAL,22.0,323.0,201811DALATL
152,NYG,38.0,359.0,TB,35.0,510.0,201811TBNYG
153,BAL,24.0,403.0,CIN,21.0,255.0,201811CINBAL
154,JAX,16.0,243.0,PIT,20.0,323.0,201811PITJAX
155,IND,38.0,397.0,TEN,10.0,267.0,201811TENIND
156,ARI,21.0,282.0,LV,23.0,325.0,201811LVARI
157,LAC,22.0,479.0,DEN,23.0,325.0,201811DENLAC
158,NO,48.0,546.0,PHI,7.0,196.0,201811PHINO
159,CHI,25.0,308.0,MIN,20.0,268.0,201811MINCHI
160,LAR,54.0,455.0,KC,51.0,546.0,201811KCLAR
161,DET,16.0,333.0,CHI,23.0,264.0,201812CHIDET
162,DAL,31.0,404.0,WAS,23.0,331.0,201812WASDAL
163,NO,31.0,312.0,ATL,17.0,366.0,201812ATLNO
164,PHI,25.0,341.0,NYG,22.0,402.0,201812NYGPHI
165,BUF,24.0,327.0,JAX,21.0,333.0,201812JAXBUF
166,BAL,34.0,416.0,LV,17.0,249.0,201812LVBAL
167,CIN,20.0,372.0,CLE,35.0,342.0,201812CLECIN
168,NYJ,13.0,338.0,NE,27.0,498.0,201812NENYJ
169,CAR,27.0,476.0,SEA,30.0,397.0,201812SEACAR
170,TB,27.0,412.0,SF,9.0,342.0,201812SFTB
171,LAC,45.0,414.0,ARI,10.0,149.0,201812ARILAC
172,DEN,24.0,308.0,PIT,17.0,527.0,201812PITDEN
173,IND,27.0,455.0,MIA,24.0,314.0,201812MIAIND
174,MIN,24.0,416.0,GB,17.0,254.0,201812GBMIN
175,HOU,34.0,462.0,TEN,17.0,365.0,201812TENHOU
176,DAL,13.0,308.0,NO,10.0,176.0,201813NODAL
177,GB,17.0,325.0,ARI,20.0,315.0,201813ARIGB
178,TB,24.0,315.0,CAR,17.0,444.0,201813CARTB
179,NYG,30.0,338.0,CHI,27.0,376.0,201813CHINYG
180,ATL,16.0,131.0,BAL,26.0,366.0,201813BALATL
181,MIA,21.0,175.0,BUF,17.0,415.0,201813BUFMIA
182,DET,16.0,310.0,LAR,30.0,344.0,201813LARDET
183,CIN,10.0,313.0,DEN,24.0,361.0,201813DENCIN
184,HOU,29.0,384.0,CLE,13.0,428.0,201813CLEHOU
185,JAX,6.0,211.0,IND,0.0,265.0,201813INDJAX
186,LV,33.0,442.0,KC,40.0,469.0,201813KCLV
187,TEN,26.0,403.0,NYJ,22.0,280.0,201813NYJTEN
188,NE,24.0,471.0,MIN,10.0,278.0,201813MINNE
189,SEA,43.0,331.0,SF,16.0,452.0,201813SFSEA
190,PIT,30.0,336.0,LAC,33.0,371.0,201813LACPIT
191,PHI,28.0,436.0,WAS,13.0,235.0,201813WASPHI
192,TEN,30.0,426.0,JAX,9.0,255.0,201814JAXTEN
193,TB,14.0,279.0,NO,28.0,298.0,201814NOTB
194,GB,34.0,300.0,ATL,20.0,344.0,201814ATLGB
195,BUF,23.0,368.0,NYJ,27.0,248.0,201814NYJBUF
196,HOU,21.0,315.0,IND,24.0,436.0,201814INDHOU
197,WAS,16.0,288.0,NYG,40.0,402.0,201814NYGWAS
198,CLE,26.0,348.0,CAR,20.0,393.0,201814CARCLE
199,KC,27.0,442.0,BAL,24.0,321.0,201814BALKC
200,MIA,34.0,412.0,NE,33.0,421.0,201814NEMIA
201,LAC,26.0,288.0,CIN,21.0,295.0,201814CINLAC
202,SF,20.0,389.0,DEN,14.0,274.0,201814DENSF
203,DAL,29.0,576.0,PHI,23.0,256.0,201814PHIDAL
204,LV,24.0,354.0,PIT,21.0,340.0,201814PITLV
205,ARI,3.0,279.0,DET,17.0,218.0,201814DETARI
206,CHI,15.0,294.0,LAR,6.0,214.0,201814LARCHI
207,SEA,21.0,274.0,MIN,7.0,276.0,201814MINSEA
208,KC,28.0,294.0,LAC,29.0,407.0,201815LACKC
209,NYJ,22.0,318.0,HOU,29.0,286.0,201815HOUNYJ
210,DEN,16.0,270.0,CLE,17.0,309.0,201815CLEDEN
211,NYG,0.0,260.0,TEN,17.0,301.0,201815TENNYG
212,BAL,20.0,370.0,TB,12.0,241.0,201815TBBAL
213,CHI,24.0,332.0,GB,17.0,323.0,201815GBCHI
214,MIN,41.0,418.0,MIA,17.0,193.0,201815MIAMIN
215,ATL,40.0,435.0,ARI,14.0,253.0,201815ARIATL
216,BUF,14.0,312.0,DET,13.0,313.0,201815DETBUF
217,CIN,30.0,294.0,LV,16.0,297.0,201815LVCIN
218,JAX,13.0,192.0,WAS,16.0,245.0,201815WASJAX
219,IND,23.0,370.0,DAL,0.0,292.0,201815DALIND
220,SF,26.0,351.0,SEA,23.0,385.0,201815SEASF
221,PIT,17.0,376.0,NE,10.0,368.0,201815NEPIT
222,LAR,23.0,407.0,PHI,30.0,381.0,201815PHILAR
223,CAR,9.0,247.0,NO,12.0,346.0,201815NOCAR
224,TEN,25.0,291.0,WAS,16.0,292.0,201816WASTEN
225,LAC,10.0,198.0,BAL,22.0,361.0,201816BALLAC
226,CAR,10.0,436.0,ATL,24.0,427.0,201816ATLCAR
227,NE,24.0,390.0,BUF,12.0,289.0,201816BUFNE
228,DET,9.0,223.0,MIN,27.0,340.0,201816MINDET
229,NYJ,38.0,370.0,GB,44.0,540.0,201816GBNYJ
230,CLE,26.0,493.0,CIN,18.0,209.0,201816CINCLE
231,MIA,7.0,183.0,JAX,17.0,244.0,201816JAXMIA
232,IND,28.0,402.0,NYG,27.0,392.0,201816NYGIND
233,DAL,27.0,232.0,TB,20.0,383.0,201816TBDAL
234,PHI,32.0,519.0,HOU,30.0,371.0,201816HOUPHI
235,ARI,9.0,263.0,LAR,31.0,461.0,201816LARARI
236,SF,9.0,279.0,CHI,14.0,325.0,201816CHISF
237,NO,31.0,370.0,PIT,28.0,429.0,201816PITNO
238,SEA,38.0,464.0,KC,31.0,419.0,201816KCSEA
239,LV,27.0,273.0,DEN,14.0,300.0,201816DENLV
240,NYG,35.0,441.0,DAL,36.0,419.0,201817DALNYG
241,HOU,20.0,342.0,JAX,3.0,119.0,201817JAXHOU
242,TB,32.0,433.0,ATL,34.0,489.0,201817ATLTB
243,NE,38.0,375.0,NYJ,3.0,239.0,201817NYJNE
244,BUF,42.0,381.0,MIA,17.0,225.0,201817MIABUF
245,NO,14.0,294.0,CAR,33.0,374.0,201817CARNO
246,GB,0.0,175.0,DET,31.0,402.0,201817DETGB
247,MIN,10.0,164.0,CHI,24.0,332.0,201817CHIMIN
248,KC,35.0,409.0,LV,3.0,292.0,201817LVKC
249,SEA,27.0,291.0,ARI,24.0,198.0,201817ARISEA
250,WAS,0.0,89.0,PHI,24.0,360.0,201817PHIWAS
251,DEN,9.0,370.0,LAC,23.0,276.0,201817LACDEN
252,LAR,48.0,377.0,SF,32.0,391.0,201817SFLAR
253,PIT,16.0,343.0,CIN,13.0,196.0,201817CINPIT
254,BAL,26.0,463.0,CLE,24.0,426.0,201817CLEBAL
255,TEN,17.0,258.0,IND,33.0,436.0,201817INDTEN
0,CHI,3.0,254.0,GB,10.0,213.0,20191GBCHI
1,MIN,28.0,269.0,ATL,12.0,345.0,20191ATLMIN
2,NYJ,16.0,223.0,BUF,17.0,370.0,20191BUFNYJ
3,PHI,32.0,436.0,WAS,27.0,398.0,20191WASPHI
4,CLE,13.0,346.0,TEN,43.0,339.0,20191TENCLE
5,CAR,27.0,343.0,LAR,30.0,349.0,20191LARCAR
6,JAX,26.0,428.0,KC,40.0,491.0,20191KCJAX
7,MIA,10.0,200.0,BAL,59.0,643.0,20191BALMIA
8,SEA,21.0,232.0,CIN,20.0,429.0,20191CINSEA
9,LAC,30.0,435.0,IND,24.0,376.0,20191INDLAC
10,ARI,27.0,387.0,DET,27.0,477.0,20191DETARI
11,DAL,35.0,494.0,NYG,17.0,470.0,20191NYGDAL
12,TB,17.0,295.0,SF,31.0,256.0,20191SFTB
13,NE,33.0,465.0,PIT,3.0,308.0,20191PITNE
14,NO,30.0,510.0,HOU,28.0,414.0,20191HOUNO
15,LV,24.0,357.0,DEN,16.0,344.0,20191DENLV
16,CAR,14.0,352.0,TB,20.0,289.0,20192TBCAR
17,BAL,23.0,440.0,ARI,17.0,349.0,20192ARIBAL
18,WAS,21.0,255.0,DAL,31.0,474.0,20192DALWAS
19,PIT,26.0,261.0,SEA,28.0,425.0,20192SEAPIT
20,GB,21.0,335.0,MIN,16.0,421.0,20192MINGB
21,HOU,13.0,263.0,JAX,12.0,281.0,20192JAXHOU
22,CIN,17.0,316.0,SF,41.0,571.0,20192SFCIN
23,TEN,17.0,243.0,IND,19.0,288.0,20192INDTEN
24,MIA,0.0,184.0,NE,43.0,379.0,20192NEMIA
25,NYG,14.0,370.0,BUF,28.0,388.0,20192BUFNYG
26,DET,13.0,339.0,LAC,10.0,424.0,20192LACDET
27,LV,10.0,307.0,KC,28.0,467.0,20192KCLV
28,DEN,14.0,372.0,CHI,16.0,273.0,20192CHIDEN
29,LAR,27.0,380.0,NO,9.0,244.0,20192NOLAR
30,ATL,24.0,367.0,PHI,20.0,286.0,20192PHIATL
31,NYJ,3.0,262.0,CLE,23.0,375.0,20192CLENYJ
32,JAX,20.0,292.0,TEN,7.0,340.0,20193TENJAX
33,IND,27.0,379.0,ATL,24.0,397.0,20193ATLIND
34,NE,30.0,381.0,NYJ,14.0,105.0,20193NYJNE
35,BUF,21.0,416.0,CIN,17.0,306.0,20193CINBUF
36,GB,27.0,312.0,DEN,16.0,310.0,20193DENGB
37,PHI,24.0,373.0,DET,27.0,287.0,20193DETPHI
38,KC,33.0,503.0,BAL,28.0,452.0,20193BALKC
39,MIN,34.0,385.0,LV,14.0,302.0,20193LVMIN
40,DAL,31.0,476.0,MIA,6.0,283.0,20193MIADAL
41,TB,31.0,499.0,NYG,32.0,384.0,20193NYGTB
42,ARI,20.0,248.0,CAR,38.0,413.0,20193CARARI
43,SEA,27.0,514.0,NO,33.0,265.0,20193NOSEA
44,SF,24.0,436.0,PIT,20.0,239.0,20193PITSF
45,LAC,20.0,366.0,HOU,27.0,376.0,20193HOULAC
46,CLE,13.0,270.0,LAR,20.0,344.0,20193LARCLE
47,WAS,15.0,356.0,CHI,31.0,298.0,20193CHIWAS
48,GB,27.0,491.0,PHI,34.0,336.0,20194PHIGB
49,NYG,24.0,389.0,WAS,3.0,176.0,20194WASNYG
50,HOU,10.0,264.0,CAR,16.0,297.0,20194CARHOU
51,ATL,10.0,422.0,TEN,24.0,365.0,20194TENATL
52,BUF,10.0,375.0,NE,16.0,224.0,20194NEBUF
53,DET,30.0,447.0,KC,34.0,438.0,20194KCDET
54,BAL,25.0,395.0,CLE,40.0,530.0,20194CLEBAL
55,IND,24.0,346.0,LV,31.0,377.0,20194LVIND
56,MIA,10.0,233.0,LAC,30.0,390.0,20194LACMIA
57,LAR,40.0,518.0,TB,55.0,464.0,20194TBLAR
58,ARI,10.0,321.0,SEA,27.0,340.0,20194SEAARI
59,CHI,16.0,269.0,MIN,6.0,222.0,20194MINCHI
60,DEN,24.0,371.0,JAX,26.0,455.0,20194JAXDEN
61,NO,12.0,266.0,DAL,10.0,257.0,20194DALNO
62,PIT,27.0,326.0,CIN,3.0,175.0,20194CINPIT
63,SEA,30.0,429.0,LAR,29.0,477.0,20195LARSEA
64,PHI,31.0,265.0,NYJ,6.0,128.0,20195NYJPHI
65,NYG,10.0,211.0,MIN,28.0,490.0,20195MINNYG
66,HOU,53.0,592.0,ATL,32.0,373.0,20195ATLHOU
67,TEN,7.0,252.0,BUF,14.0,313.0,20195BUFTEN
68,PIT,23.0,269.0,BAL,26.0,277.0,20195BALPIT
69,CIN,23.0,370.0,ARI,26.0,514.0,20195ARICIN
70,NO,31.0,457.0,TB,24.0,252.0,20195TBNO
71,WAS,7.0,223.0,NE,33.0,442.0,20195NEWAS
72,CAR,34.0,445.0,JAX,27.0,507.0,20195JAXCAR
73,LV,24.0,398.0,CHI,21.0,236.0,20195CHILV
74,LAC,13.0,246.0,DEN,20.0,350.0,20195DENLAC
75,DAL,24.0,563.0,GB,34.0,335.0,20195GBDAL
76,KC,13.0,324.0,IND,19.0,331.0,20195INDKC
77,SF,31.0,446.0,CLE,3.0,180.0,20195CLESF
78,NE,35.0,427.0,NYG,14.0,213.0,20196NYGNE
79,TB,26.0,407.0,CAR,37.0,268.0,20196CARTB
80,MIA,16.0,271.0,WAS,17.0,311.0,20196WASMIA
81,KC,24.0,309.0,HOU,31.0,472.0,20196HOUKC
82,MIN,38.0,447.0,PHI,20.0,400.0,20196PHIMIN
83,BAL,23.0,497.0,CIN,17.0,250.0,20196CINBAL
84,JAX,6.0,226.0,NO,13.0,326.0,20196NOJAX
85,CLE,28.0,406.0,SEA,32.0,454.0,20196SEACLE
86,LAR,7.0,157.0,SF,20.0,331.0,20196SFLAR
87,ARI,34.0,442.0,ATL,33.0,444.0,20196ATLARI
88,NYJ,24.0,382.0,DAL,22.0,399.0,20196DALNYJ
89,DEN,16.0,270.0,TEN,0.0,204.0,20196TENDEN
90,LAC,17.0,348.0,PIT,24.0,256.0,20196PITLAC
91,GB,23.0,447.0,DET,22.0,299.0,20196DETGB
92,DEN,6.0,205.0,KC,30.0,271.0,20197KCDEN
93,WAS,0.0,154.0,SF,9.0,283.0,20197SFWAS
94,BUF,31.0,305.0,MIA,21.0,381.0,20197MIABUF
95,DET,30.0,433.0,MIN,42.0,504.0,20197MINDET
96,IND,30.0,383.0,HOU,23.0,391.0,20197HOUIND
97,NYG,21.0,263.0,ARI,27.0,245.0,20197ARINYG
98,ATL,10.0,224.0,LAR,37.0,381.0,20197LARATL
99,GB,42.0,481.0,LV,24.0,484.0,20197LVGB
100,CIN,17.0,291.0,JAX,27.0,460.0,20197JAXCIN
101,TEN,23.0,403.0,LAC,20.0,365.0,20197LACTEN
102,CHI,25.0,252.0,NO,36.0,424.0,20197NOCHI
103,SEA,16.0,347.0,BAL,30.0,340.0,20197BALSEA
104,DAL,37.0,402.0,PHI,10.0,283.0,20197PHIDAL
105,NYJ,0.0,154.0,NE,33.0,323.0,20197NENYJ
106,MIN,19.0,434.0,WAS,9.0,216.0,20198WASMIN
107,BUF,13.0,253.0,PHI,31.0,371.0,20198PHIBUF
108,DET,31.0,375.0,NYG,26.0,370.0,20198NYGDET
109,IND,15.0,318.0,DEN,13.0,279.0,20198DENIND
110,CHI,16.0,388.0,LAC,17.0,231.0,20198LACCHI
111,JAX,29.0,389.0,NYJ,15.0,213.0,20198NYJJAX
112,NO,31.0,510.0,ARI,9.0,237.0,20198ARINO
113,ATL,20.0,510.0,SEA,27.0,322.0,20198SEAATL
114,TEN,27.0,246.0,TB,23.0,389.0,20198TBTEN
115,LAR,24.0,470.0,CIN,10.0,401.0,20198CINLAR
116,SF,51.0,388.0,CAR,13.0,230.0,20198CARSF
117,NE,27.0,318.0,CLE,13.0,310.0,20198CLENE
118,HOU,27.0,388.0,LV,24.0,378.0,20198LVHOU
119,KC,24.0,337.0,GB,31.0,374.0,20198GBKC
120,PIT,27.0,394.0,MIA,14.0,230.0,20198MIAPIT
121,ARI,25.0,357.0,SF,28.0,411.0,20199SFARI
122,JAX,3.0,356.0,HOU,26.0,410.0,20199HOUJAX
123,CAR,30.0,370.0,TEN,20.0,431.0,20199TENCAR
124,PHI,22.0,373.0,CHI,14.0,164.0,20199CHIPHI
125,MIA,26.0,316.0,NYJ,18.0,321.0,20199NYJMIA
126,BUF,24.0,268.0,WAS,9.0,243.0,20199WASBUF
127,PIT,26.0,273.0,IND,24.0,328.0,20199INDPIT
128,KC,26.0,377.0,MIN,23.0,308.0,20199MINKC
129,LV,31.0,450.0,DET,24.0,473.0,20199DETLV
130,SEA,40.0,492.0,TB,34.0,418.0,20199TBSEA
131,DEN,24.0,302.0,CLE,19.0,351.0,20199CLEDEN
132,LAC,26.0,442.0,GB,11.0,184.0,20199GBLAC
133,BAL,37.0,372.0,NE,20.0,342.0,20199NEBAL
134,NYG,18.0,271.0,DAL,37.0,429.0,20199DALNYG
135,LV,26.0,278.0,LAC,24.0,315.0,201910LACLV
136,NO,9.0,310.0,ATL,26.0,317.0,201910ATLNO
137,CLE,19.0,368.0,BUF,16.0,344.0,201910BUFCLE
138,CIN,13.0,307.0,BAL,49.0,379.0,201910BALCIN
139,CHI,20.0,226.0,DET,13.0,357.0,201910DETCHI
140,TEN,35.0,371.0,KC,32.0,530.0,201910KCTEN
141,TB,30.0,457.0,ARI,27.0,417.0,201910ARITB
142,NYJ,34.0,294.0,NYG,27.0,281.0,201910NYGNYJ
143,IND,12.0,300.0,MIA,16.0,229.0,201910MIAIND
144,PIT,17.0,273.0,LAR,12.0,306.0,201910LARPIT
145,GB,24.0,388.0,CAR,16.0,401.0,201910CARGB
146,DAL,24.0,443.0,MIN,28.0,364.0,201910MINDAL
147,SF,24.0,302.0,SEA,27.0,336.0,201910SEASF
148,CLE,21.0,293.0,PIT,7.0,236.0,201911PITCLE
149,TB,17.0,334.0,NO,34.0,328.0,201911NOTB
150,DET,27.0,312.0,DAL,35.0,509.0,201911DALDET
151,WAS,17.0,225.0,NYJ,34.0,400.0,201911NYJWAS
152,CAR,3.0,347.0,ATL,29.0,349.0,201911ATLCAR
153,MIA,20.0,303.0,BUF,37.0,424.0,201911BUFMIA
154,MIN,27.0,321.0,DEN,23.0,394.0,201911DENMIN
155,BAL,41.0,491.0,HOU,7.0,232.0,201911HOUBAL
156,IND,33.0,389.0,JAX,13.0,308.0,201911JAXIND
157,SF,36.0,442.0,ARI,26.0,266.0,201911ARISF
158,PHI,10.0,255.0,NE,17.0,298.0,201911NEPHI
159,LV,17.0,386.0,CIN,10.0,246.0,201911CINLV
160,LAR,17.0,283.0,CHI,7.0,267.0,201911CHILAR
161,LAC,17.0,438.0,KC,24.0,310.0,201911KCLAC
162,HOU,20.0,396.0,IND,17.0,296.0,201912INDHOU
163,ATL,22.0,337.0,TB,35.0,446.0,201912TBATL
164,BUF,20.0,424.0,DEN,3.0,134.0,201912DENBUF
165,NO,34.0,418.0,CAR,31.0,351.0,201912CARNO
166,WAS,19.0,230.0,DET,16.0,364.0,201912DETWAS
167,CIN,10.0,244.0,PIT,16.0,338.0,201912PITCIN
168,NYJ,34.0,401.0,LV,3.0,208.0,201912LVNYJ
169,PHI,9.0,344.0,SEA,17.0,348.0,201912SEAPHI
170,CHI,19.0,335.0,NYG,14.0,243.0,201912NYGCHI
171,CLE,41.0,467.0,MIA,24.0,284.0,201912MIACLE
172,TEN,42.0,471.0,JAX,20.0,369.0,201912JAXTEN
173,NE,13.0,282.0,DAL,9.0,321.0,201912DALNE
174,SF,37.0,339.0,GB,8.0,198.0,201912GBSF
175,LAR,6.0,221.0,BAL,45.0,480.0,201912BALLAR
176,DET,20.0,364.0,CHI,24.0,419.0,201913CHIDET
177,DAL,15.0,426.0,BUF,26.0,356.0,201913BUFDAL
178,ATL,18.0,348.0,NO,26.0,279.0,201913NOATL
179,NYG,13.0,335.0,GB,31.0,322.0,201913GBNYG
180,JAX,11.0,242.0,TB,28.0,315.0,201913TBJAX
181,PIT,20.0,323.0,CLE,13.0,279.0,201913CLEPIT
182,CAR,21.0,278.0,WAS,29.0,362.0,201913WASCAR
183,BAL,20.0,283.0,SF,17.0,331.0,201913SFBAL
184,CIN,22.0,277.0,NYJ,6.0,271.0,201913NYJCIN
185,MIA,37.0,409.0,PHI,31.0,386.0,201913PHIMIA
186,IND,17.0,391.0,TEN,31.0,292.0,201913TENIND
187,ARI,7.0,198.0,LAR,34.0,549.0,201913LARARI
188,DEN,23.0,218.0,LAC,20.0,359.0,201913LACDEN
189,KC,40.0,259.0,LV,9.0,332.0,201913LVKC
190,HOU,28.0,276.0,NE,22.0,448.0,201913NEHOU
191,SEA,37.0,444.0,MIN,30.0,354.0,201913MINSEA
192,CHI,31.0,382.0,DAL,24.0,408.0,201914DALCHI
193,ATL,40.0,461.0,CAR,20.0,345.0,201914CARATL
194,BUF,17.0,209.0,BAL,24.0,257.0,201914BALBUF
195,CLE,27.0,333.0,CIN,19.0,451.0,201914CINCLE
196,NYJ,22.0,374.0,MIA,21.0,362.0,201914MIANYJ
197,TB,38.0,542.0,IND,35.0,309.0,201914INDTB
198,NO,46.0,465.0,SF,48.0,516.0,201914SFNO
199,HOU,24.0,414.0,DEN,38.0,391.0,201914DENHOU
200,MIN,20.0,354.0,DET,7.0,231.0,201914DETMIN
201,GB,20.0,341.0,WAS,15.0,262.0,201914WASGB
202,JAX,10.0,252.0,LAC,45.0,525.0,201914LACJAX
203,ARI,17.0,236.0,PIT,23.0,275.0,201914PITARI
204,LV,21.0,355.0,TEN,42.0,552.0,201914TENLV
205,NE,16.0,278.0,KC,23.0,346.0,201914KCNE
206,LAR,28.0,455.0,SEA,12.0,308.0,201914SEALAR
207,PHI,23.0,418.0,NYG,17.0,255.0,201914NYGPHI
208,BAL,42.0,430.0,NYJ,21.0,310.0,201915NYJBAL
209,KC,23.0,419.0,DEN,3.0,251.0,201915DENKC
210,WAS,27.0,352.0,PHI,37.0,415.0,201915PHIWAS
211,CAR,24.0,414.0,SEA,30.0,428.0,201915SEACAR
212,DET,17.0,295.0,TB,38.0,495.0,201915TBDET
213,GB,21.0,292.0,CHI,13.0,415.0,201915CHIGB
214,TEN,21.0,432.0,HOU,24.0,374.0,201915HOUTEN
215,CIN,13.0,315.0,NE,34.0,291.0,201915NECIN
216,NYG,36.0,412.0,MIA,20.0,384.0,201915MIANYG
217,LAC,10.0,345.0,MIN,39.0,344.0,201915MINLAC
218,LV,16.0,364.0,JAX,20.0,262.0,201915JAXLV
219,ARI,38.0,445.0,CLE,24.0,393.0,201915CLEARI
220,DAL,44.0,475.0,LAR,21.0,289.0,201915LARDAL
221,SF,22.0,313.0,ATL,29.0,290.0,201915ATLSF
222,PIT,10.0,229.0,BUF,17.0,261.0,201915BUFPIT
223,NO,34.0,424.0,IND,7.0,205.0,201915INDNO
224,TB,20.0,435.0,HOU,23.0,229.0,201916HOUTB
225,NE,24.0,414.0,BUF,17.0,268.0,201916BUFNE
226,SF,34.0,334.0,LAR,31.0,395.0,201916LARSF
227,TEN,28.0,397.0,NO,38.0,377.0,201916NOTEN
228,ATL,24.0,518.0,JAX,12.0,288.0,201916JAXATL
229,MIA,38.0,502.0,CIN,35.0,430.0,201916CINMIA
230,CLE,15.0,241.0,BAL,31.0,481.0,201916BALCLE
231,WAS,35.0,361.0,NYG,41.0,552.0,201916NYGWAS
232,NYJ,16.0,259.0,PIT,10.0,260.0,201916PITNYJ
233,IND,38.0,324.0,CAR,6.0,286.0,201916CARIND
234,DEN,27.0,348.0,DET,17.0,191.0,201916DETDEN
235,LAC,17.0,284.0,LV,24.0,366.0,201916LVLAC
236,SEA,13.0,224.0,ARI,27.0,412.0,201916ARISEA
237,PHI,17.0,431.0,DAL,9.0,311.0,201916DALPHI
238,CHI,3.0,234.0,KC,26.0,350.0,201916KCCHI
239,MIN,10.0,139.0,GB,23.0,383.0,201916GBMIN
240,CAR,10.0,329.0,NO,42.0,379.0,201917NOCAR
241,MIN,19.0,300.0,CHI,21.0,337.0,201917CHIMIN
242,KC,31.0,336.0,LAC,21.0,366.0,201917LACKC
243,NE,24.0,352.0,MIA,27.0,389.0,201917MIANE
244,TB,22.0,329.0,ATL,28.0,373.0,201917ATLTB
245,BUF,6.0,309.0,NYJ,13.0,271.0,201917NYJBUF
246,DET,20.0,305.0,GB,23.0,432.0,201917GBDET
247,CIN,33.0,361.0,CLE,23.0,313.0,201917CLECIN
248,JAX,38.0,353.0,IND,20.0,275.0,201917INDJAX
249,LAR,31.0,424.0,ARI,24.0,393.0,201917ARILAR
250,NYG,17.0,397.0,PHI,34.0,400.0,201917PHINYG
251,DAL,47.0,517.0,WAS,16.0,271.0,201917WASDAL
252,DEN,16.0,238.0,LV,15.0,477.0,201917LVDEN
253,BAL,28.0,304.0,PIT,10.0,168.0,201917PITBAL
254,HOU,14.0,301.0,TEN,35.0,467.0,201917TENHOU
255,SEA,21.0,348.0,SF,26.0,398.0,201917SFSEA
0,KC,34.0,369.0,HOU,20.0,360.0,20201HOUKC
1,ATL,25.0,506.0,SEA,38.0,383.0,20201SEAATL
2,BUF,27.0,404.0,NYJ,17.0,254.0,20201NYJBUF
3,WAS,27.0,239.0,PHI,17.0,265.0,20201PHIWAS
4,MIN,34.0,382.0,GB,43.0,522.0,20201GBMIN
5,BAL,38.0,381.0,CLE,6.0,306.0,20201CLEBAL
6,NE,21.0,357.0,MIA,11.0,269.0,20201MIANE
7,JAX,27.0,241.0,IND,20.0,445.0,20201INDJAX
8,CAR,30.0,388.0,LV,34.0,372.0,20201LVCAR
9,DET,23.0,426.0,CHI,27.0,363.0,20201CHIDET
10,CIN,13.0,295.0,LAC,16.0,362.0,20201LACCIN
11,NO,34.0,271.0,TB,23.0,310.0,20201TBNO
12,SF,20.0,366.0,ARI,24.0,404.0,20201ARISF
13,LAR,20.0,422.0,DAL,17.0,380.0,20201DALLAR
14,NYG,16.0,291.0,PIT,26.0,349.0,20201PITNYG
15,DEN,14.0,323.0,TEN,16.0,377.0,20201TENDEN
16,CLE,35.0,434.0,CIN,30.0,353.0,20202CINCLE
17,NYJ,13.0,277.0,SF,31.0,359.0,20202SFNYJ
18,PIT,26.0,410.0,DEN,21.0,319.0,20202DENPIT
19,TB,31.0,339.0,CAR,17.0,427.0,20202CARTB
20,GB,42.0,488.0,DET,21.0,307.0,20202DETGB
21,CHI,17.0,304.0,NYG,13.0,295.0,20202NYGCHI
22,TEN,33.0,354.0,JAX,30.0,480.0,20202JAXTEN
23,DAL,40.0,570.0,ATL,39.0,380.0,20202ATLDAL
24,MIA,28.0,410.0,BUF,31.0,523.0,20202BUFMIA
25,PHI,19.0,363.0,LAR,37.0,449.0,20202LARPHI
26,IND,28.0,354.0,MIN,11.0,175.0,20202MININD
27,ARI,30.0,438.0,WAS,15.0,316.0,20202WASARI
28,HOU,16.0,304.0,BAL,33.0,407.0,20202BALHOU
29,LAC,20.0,479.0,KC,23.0,414.0,20202KCLAC
30,SEA,35.0,429.0,NE,30.0,464.0,20202NESEA
31,LV,34.0,377.0,NO,24.0,424.0,20202NOLV
32,JAX,13.0,318.0,MIA,31.0,294.0,20203MIAJAX
33,ATL,26.0,371.0,CHI,30.0,437.0,20203CHIATL
34,BUF,35.0,375.0,LAR,32.0,478.0,20203LARBUF
35,PHI,23.0,378.0,CIN,23.0,304.0,20203CINPHI
36,MIN,30.0,464.0,TEN,31.0,444.0,20203TENMIN
37,NE,36.0,406.0,LV,20.0,375.0,20203LVNE
38,NYG,9.0,231.0,SF,36.0,420.0,20203SFNYG
39,PIT,28.0,387.0,HOU,21.0,260.0,20203HOUPIT
40,CLE,34.0,300.0,WAS,20.0,309.0,20203WASCLE
41,IND,36.0,353.0,NYJ,7.0,260.0,20203NYJIND
42,LAC,16.0,436.0,CAR,21.0,302.0,20203CARLAC
43,SEA,38.0,412.0,DAL,31.0,522.0,20203DALSEA
44,ARI,23.0,377.0,DET,26.0,322.0,20203DETARI
45,DEN,10.0,226.0,TB,28.0,353.0,20203TBDEN
46,NO,30.0,397.0,GB,37.0,369.0,20203GBNO
47,BAL,20.0,228.0,KC,34.0,517.0,20203KCBAL
48,NYJ,28.0,321.0,DEN,37.0,359.0,20204DENNYJ
49,CAR,31.0,444.0,ARI,21.0,262.0,20204ARICAR
50,WAS,17.0,343.0,BAL,31.0,350.0,20204BALWAS
51,HOU,23.0,386.0,MIN,31.0,410.0,20204MINHOU
52,DAL,38.0,566.0,CLE,49.0,508.0,20204CLEDAL
53,DET,29.0,281.0,NO,35.0,392.0,20204NODET
54,CHI,11.0,269.0,IND,19.0,289.0,20204INDCHI
55,TB,38.0,484.0,LAC,31.0,324.0,20204LACTB
56,CIN,33.0,505.0,JAX,25.0,429.0,20204JAXCIN
57,MIA,23.0,415.0,SEA,31.0,441.0,20204SEAMIA
58,LAR,17.0,240.0,NYG,9.0,295.0,20204NYGLAR
59,LV,23.0,383.0,BUF,30.0,337.0,20204BUFLV
60,SF,20.0,417.0,PHI,25.0,267.0,20204PHISF
61,KC,26.0,323.0,NE,10.0,357.0,20204NEKC
62,GB,30.0,403.0,ATL,16.0,327.0,20204ATLGB
63,CHI,20.0,243.0,TB,19.0,339.0,20205TBCHI
64,ATL,16.0,373.0,CAR,23.0,437.0,20205CARATL
65,NYJ,10.0,285.0,ARI,30.0,496.0,20205ARINYJ
66,BAL,27.0,332.0,CIN,3.0,205.0,20205CINBAL
67,KC,32.0,413.0,LV,40.0,490.0,20205LVKC
68,PIT,38.0,367.0,PHI,29.0,336.0,20205PHIPIT
69,WAS,10.0,108.0,LAR,30.0,429.0,20205LARWAS
70,HOU,30.0,486.0,JAX,14.0,364.0,20205JAXHOU
71,SF,17.0,259.0,MIA,43.0,436.0,20205MIASF
72,DAL,37.0,402.0,NYG,34.0,300.0,20205NYGDAL
73,CLE,32.0,385.0,IND,23.0,308.0,20205INDCLE
74,SEA,27.0,314.0,MIN,26.0,449.0,20205MINSEA
75,NO,30.0,408.0,LAC,27.0,350.0,20205LACNO
76,TEN,42.0,334.0,BUF,16.0,370.0,20205BUFTEN
77,JAX,16.0,275.0,DET,34.0,403.0,20206DETJAX
78,NE,12.0,288.0,DEN,18.0,299.0,20206DENNE
79,PHI,28.0,364.0,BAL,30.0,355.0,20206BALPHI
80,TEN,42.0,607.0,HOU,36.0,412.0,20206HOUTEN
81,PIT,38.0,277.0,CLE,7.0,220.0,20206CLEPIT
82,MIN,23.0,365.0,ATL,40.0,462.0,20206ATLMIN
83,NYG,20.0,240.0,WAS,19.0,337.0,20206WASNYG
84,CAR,16.0,303.0,CHI,23.0,261.0,20206CHICAR
85,IND,31.0,430.0,CIN,27.0,398.0,20206CININD
86,MIA,24.0,302.0,NYJ,0.0,263.0,20206NYJMIA
87,TB,38.0,324.0,GB,10.0,201.0,20206GBTB
88,SF,24.0,390.0,LAR,16.0,311.0,20206LARSF
89,BUF,17.0,206.0,KC,26.0,466.0,20206KCBUF
90,DAL,10.0,344.0,ARI,38.0,438.0,20206ARIDAL
91,PHI,22.0,442.0,NYG,21.0,325.0,20207NYGPHI
92,TEN,24.0,292.0,PIT,27.0,362.0,20207PITTEN
93,HOU,20.0,365.0,GB,35.0,379.0,20207GBHOU
94,ATL,22.0,388.0,DET,23.0,386.0,20207DETATL
95,NYJ,10.0,191.0,BUF,18.0,422.0,20207BUFNYJ
96,WAS,25.0,397.0,DAL,3.0,142.0,20207DALWAS
97,NO,27.0,415.0,CAR,24.0,283.0,20207CARNO
98,CIN,34.0,468.0,CLE,37.0,398.0,20207CLECIN
99,LV,20.0,347.0,TB,45.0,454.0,20207TBLV
100,NE,6.0,241.0,SF,33.0,467.0,20207SFNE
101,DEN,16.0,411.0,KC,43.0,286.0,20207KCDEN
102,LAC,39.0,484.0,JAX,29.0,294.0,20207JAXLAC
103,ARI,37.0,519.0,SEA,34.0,572.0,20207SEAARI
104,LAR,24.0,371.0,CHI,10.0,279.0,20207CHILAR
105,CAR,17.0,304.0,ATL,25.0,401.0,20208ATLCAR
106,GB,22.0,400.0,MIN,28.0,324.0,20208MINGB
107,MIA,28.0,145.0,LAR,17.0,471.0,20208LARMIA
108,BAL,24.0,457.0,PIT,28.0,221.0,20208PITBAL
109,DET,21.0,326.0,IND,41.0,366.0,20208INDDET
110,BUF,24.0,339.0,NE,21.0,349.0,20208NEBUF
111,CIN,31.0,367.0,TEN,20.0,441.0,20208TENCIN
112,CLE,6.0,223.0,LV,16.0,309.0,20208LVCLE
113,KC,35.0,496.0,NYJ,9.0,221.0,20208NYJKC
114,DEN,31.0,351.0,LAC,30.0,485.0,20208LACDEN
115,SEA,37.0,350.0,SF,27.0,351.0,20208SFSEA
116,CHI,23.0,329.0,NO,26.0,394.0,20208NOCHI
117,PHI,23.0,222.0,DAL,9.0,265.0,20208DALPHI
118,NYG,23.0,357.0,TB,25.0,344.0,20208TBNYG
119,SF,17.0,337.0,GB,34.0,405.0,20209GBSF
120,IND,10.0,339.0,BAL,24.0,266.0,20209BALIND
121,MIN,34.0,487.0,DET,20.0,421.0,20209DETMIN
122,JAX,25.0,403.0,HOU,27.0,374.0,20209HOUJAX
123,ATL,34.0,363.0,DEN,27.0,405.0,20209DENATL
124,BUF,44.0,420.0,SEA,34.0,419.0,20209SEABUF
125,WAS,20.0,402.0,NYG,23.0,350.0,20209NYGWAS
126,KC,33.0,397.0,CAR,31.0,435.0,20209CARKC
127,TEN,24.0,228.0,CHI,17.0,375.0,20209CHITEN
128,LAC,26.0,440.0,LV,31.0,320.0,20209LVLAC
129,ARI,31.0,442.0,MIA,34.0,312.0,20209MIAARI
130,DAL,19.0,364.0,PIT,24.0,355.0,20209PITDAL
131,TB,3.0,194.0,NO,38.0,420.0,20209NOTB
132,NYJ,27.0,322.0,NE,30.0,433.0,20209NENYJ
133,TEN,17.0,294.0,IND,34.0,430.0,202010INDTEN
134,DET,30.0,372.0,WAS,27.0,464.0,202010WASDET
135,GB,24.0,395.0,JAX,20.0,260.0,202010JAXGB
136,CLE,10.0,356.0,HOU,7.0,243.0,202010HOUCLE
137,CAR,23.0,187.0,TB,46.0,544.0,202010TBCAR
138,NYG,27.0,382.0,PHI,17.0,346.0,202010PHINYG
139,LV,37.0,357.0,DEN,12.0,313.0,202010DENLV
140,MIA,29.0,280.0,LAC,21.0,273.0,202010LACMIA
141,ARI,32.0,453.0,BUF,30.0,369.0,202010BUFARI
142,PIT,36.0,377.0,CIN,10.0,324.0,202010CINPIT
143,NO,27.0,237.0,SF,13.0,281.0,202010SFNO
144,LAR,23.0,389.0,SEA,16.0,333.0,202010SEALAR
145,NE,23.0,308.0,BAL,17.0,357.0,202010BALNE
146,CHI,13.0,149.0,MIN,19.0,385.0,202010MINCHI
147,SEA,28.0,347.0,ARI,21.0,314.0,202011ARISEA
148,BAL,24.0,306.0,TEN,30.0,423.0,202011TENBAL
149,HOU,27.0,399.0,NE,20.0,435.0,202011NEHOU
150,NO,24.0,376.0,ATL,9.0,248.0,202011ATLNO
151,WAS,20.0,325.0,CIN,9.0,272.0,202011CINWAS
152,JAX,3.0,206.0,PIT,27.0,373.0,202011PITJAX
153,CLE,22.0,324.0,PHI,17.0,315.0,202011PHICLE
154,CAR,20.0,374.0,DET,0.0,185.0,202011DETCAR
155,LAC,34.0,376.0,NYJ,28.0,292.0,202011NYJLAC
156,DEN,20.0,459.0,MIA,13.0,223.0,202011MIADEN
157,IND,34.0,420.0,GB,31.0,367.0,202011GBIND
158,MIN,28.0,430.0,DAL,31.0,376.0,202011DALMIN
159,LV,31.0,364.0,KC,35.0,460.0,202011KCLV
160,TB,24.0,251.0,LAR,27.0,413.0,202011LARTB
161,DET,25.0,388.0,HOU,41.0,384.0,202012HOUDET
162,DAL,16.0,247.0,WAS,41.0,338.0,202012WASDAL
163,ATL,43.0,304.0,LV,6.0,243.0,202012LVATL
164,BUF,27.0,332.0,LAC,17.0,367.0,202012LACBUF
165,CIN,17.0,155.0,NYG,19.0,386.0,202012NYGCIN
166,JAX,25.0,375.0,CLE,27.0,459.0,202012CLEJAX
167,NYJ,3.0,260.0,MIA,20.0,345.0,202012MIANYJ
168,IND,26.0,336.0,TEN,45.0,449.0,202012TENIND
169,NE,20.0,179.0,ARI,17.0,298.0,202012ARINE
170,MIN,28.0,387.0,CAR,27.0,374.0,202012CARMIN
171,DEN,3.0,112.0,NO,31.0,292.0,202012NODEN
172,LAR,20.0,308.0,SF,23.0,345.0,202012SFLAR
173,TB,24.0,417.0,KC,27.0,543.0,202012KCTB
174,GB,41.0,393.0,CHI,25.0,350.0,202012CHIGB
175,PHI,17.0,250.0,SEA,23.0,301.0,202012SEAPHI
176,PIT,19.0,334.0,BAL,14.0,219.0,202012BALPIT
177,HOU,20.0,398.0,IND,26.0,371.0,202013INDHOU
178,NYJ,28.0,376.0,LV,31.0,440.0,202013LVNYJ
179,CHI,30.0,389.0,DET,34.0,460.0,202013DETCHI
180,MIN,27.0,420.0,JAX,24.0,390.0,202013JAXMIN
181,ATL,16.0,332.0,NO,21.0,424.0,202013NOATL
182,MIA,19.0,406.0,CIN,7.0,196.0,202013CINMIA
183,TEN,35.0,431.0,CLE,41.0,458.0,202013CLETEN
184,ARI,28.0,232.0,LAR,38.0,463.0,202013LARARI
185,SEA,12.0,327.0,NYG,17.0,290.0,202013NYGSEA
186,LAC,0.0,258.0,NE,45.0,291.0,202013NELAC
187,GB,30.0,437.0,PHI,16.0,278.0,202013PHIGB
188,KC,22.0,447.0,DEN,16.0,330.0,202013DENKC
189,PIT,17.0,326.0,WAS,23.0,318.0,202013WASPIT
190,SF,24.0,402.0,BUF,34.0,449.0,202013BUFSF
191,BAL,34.0,401.0,DAL,17.0,388.0,202013DALBAL
192,LAR,24.0,318.0,NE,3.0,220.0,202014NELAR
193,CIN,7.0,309.0,DAL,30.0,272.0,202014DALCIN
194,MIA,27.0,367.0,KC,33.0,448.0,202014KCMIA
195,TB,26.0,303.0,MIN,14.0,335.0,202014MINTB
196,NYG,7.0,159.0,ARI,26.0,390.0,202014ARINYG
197,CAR,27.0,370.0,DEN,32.0,365.0,202014DENCAR
198,CHI,36.0,410.0,HOU,7.0,263.0,202014HOUCHI
199,JAX,10.0,354.0,TEN,31.0,454.0,202014TENJAX
200,LV,27.0,424.0,IND,44.0,456.0,202014INDLV
201,SEA,40.0,410.0,NYJ,3.0,185.0,202014NYJSEA
202,PHI,24.0,413.0,NO,21.0,358.0,202014NOPHI
203,LAC,20.0,345.0,ATL,17.0,319.0,202014ATLLAC
204,DET,24.0,293.0,GB,31.0,410.0,202014GBDET
205,SF,15.0,344.0,WAS,23.0,193.0,202014WASSF
206,BUF,26.0,334.0,PIT,15.0,224.0,202014PITBUF
207,CLE,42.0,493.0,BAL,47.0,385.0,202014BALCLE
208,LV,27.0,449.0,LAC,30.0,402.0,202015LACLV
209,DEN,19.0,255.0,BUF,48.0,534.0,202015BUFDEN
210,GB,24.0,291.0,CAR,16.0,364.0,202015CARGB
211,IND,27.0,350.0,HOU,20.0,425.0,202015HOUIND
212,DAL,41.0,291.0,SF,33.0,458.0,202015SFDAL
213,MIN,27.0,407.0,CHI,33.0,397.0,202015CHIMIN
214,BAL,40.0,409.0,JAX,14.0,267.0,202015JAXBAL
215,ATL,27.0,369.0,TB,31.0,416.0,202015TBATL
216,TEN,46.0,463.0,DET,25.0,430.0,202015DETTEN
217,WAS,15.0,353.0,SEA,20.0,302.0,202015SEAWAS
218,MIA,22.0,383.0,NE,12.0,303.0,202015NEMIA
219,ARI,33.0,526.0,PHI,26.0,422.0,202015PHIARI
220,LAR,20.0,303.0,NYJ,23.0,289.0,202015NYJLAR
221,NO,29.0,285.0,KC,32.0,411.0,202015KCNO
222,NYG,6.0,288.0,CLE,20.0,392.0,202015CLENYG
223,CIN,27.0,230.0,PIT,17.0,244.0,202015PITCIN
224,NO,52.0,583.0,MIN,33.0,364.0,202016MINNO
225,DET,7.0,186.0,TB,47.0,588.0,202016TBDET
226,ARI,12.0,350.0,SF,20.0,398.0,202016SFARI
227,LV,25.0,418.0,MIA,26.0,383.0,202016MIALV
228,KC,17.0,395.0,ATL,14.0,367.0,202016ATLKC
229,HOU,31.0,488.0,CIN,37.0,540.0,202016CINHOU
230,NYJ,23.0,333.0,CLE,16.0,299.0,202016CLENYJ
231,PIT,28.0,354.0,IND,24.0,365.0,202016INDPIT
232,BAL,27.0,432.0,NYG,13.0,269.0,202016NYGBAL
233,JAX,17.0,279.0,CHI,41.0,391.0,202016CHIJAX
234,LAC,19.0,316.0,DEN,16.0,396.0,202016DENLAC
235,WAS,13.0,386.0,CAR,20.0,280.0,202016CARWAS
236,SEA,20.0,292.0,LAR,9.0,334.0,202016LARSEA
237,DAL,37.0,513.0,PHI,17.0,477.0,202016PHIDAL
238,GB,40.0,448.0,TEN,14.0,260.0,202016TENGB
239,NE,9.0,201.0,BUF,38.0,474.0,202016BUFNE
240,NYG,23.0,336.0,DAL,19.0,307.0,202017DALNYG
241,TB,44.0,485.0,ATL,27.0,385.0,202017ATLTB
242,NE,28.0,404.0,NYJ,14.0,350.0,202017NYJNE
243,BUF,56.0,455.0,MIA,26.0,454.0,202017MIABUF
244,DET,35.0,417.0,MIN,37.0,508.0,202017MINDET
245,CIN,3.0,195.0,BAL,38.0,525.0,202017BALCIN
246,CLE,24.0,358.0,PIT,22.0,394.0,202017PITCLE
247,IND,28.0,437.0,JAX,14.0,283.0,202017JAXIND
248,LAR,18.0,333.0,ARI,7.0,214.0,202017ARILAR
249,CAR,7.0,320.0,NO,33.0,347.0,202017NOCAR
250,SF,23.0,328.0,SEA,26.0,280.0,202017SEASF
251,CHI,16.0,356.0,GB,35.0,316.0,202017GBCHI
252,KC,21.0,268.0,LAC,38.0,416.0,202017LACKC
253,DEN,31.0,446.0,LV,32.0,465.0,202017LVDEN
254,HOU,38.0,457.0,TEN,41.0,492.0,202017TENHOU
255,PHI,14.0,216.0,WAS,20.0,248.0,202017WASPHI
0,TB,31.0,431.0,DAL,29.0,451.0,20211DALTB
1,ATL,6.0,260.0,PHI,32.0,434.0,20211PHIATL
2,BUF,16.0,371.0,PIT,23.0,252.0,20211PITBUF
3,WAS,16.0,259.0,LAC,20.0,424.0,20211LACWAS
4,DET,33.0,430.0,SF,41.0,442.0,20211SFDET
5,CAR,19.0,381.0,NYJ,14.0,252.0,20211NYJCAR
6,CIN,27.0,366.0,MIN,24.0,403.0,20211MINCIN
7,IND,16.0,336.0,SEA,28.0,381.0,20211SEAIND
8,TEN,13.0,248.0,ARI,38.0,416.0,20211ARITEN
9,HOU,37.0,449.0,JAX,21.0,395.0,20211JAXHOU
10,NYG,13.0,314.0,DEN,27.0,420.0,20211DENNYG
11,NE,16.0,393.0,MIA,17.0,259.0,20211MIANE
12,KC,33.0,397.0,CLE,29.0,457.0,20211CLEKC
13,NO,38.0,322.0,GB,3.0,229.0,20211GBNO
14,LAR,34.0,386.0,CHI,14.0,322.0,20211CHILAR
15,LV,33.0,491.0,BAL,27.0,406.0,20211BALLV
16,WAS,30.0,407.0,NYG,29.0,391.0,20212NYGWAS
17,CAR,26.0,383.0,NO,7.0,128.0,20212NOCAR
18,NYJ,6.0,336.0,NE,25.0,260.0,20212NENYJ
19,PHI,11.0,328.0,SF,17.0,306.0,20212SFPHI
20,PIT,17.0,331.0,LV,26.0,425.0,20212LVPIT
21,CLE,31.0,355.0,HOU,21.0,302.0,20212HOUCLE
22,IND,24.0,354.0,LAR,27.0,371.0,20212LARIND
23,MIA,0.0,216.0,BUF,35.0,314.0,20212BUFMIA
24,CHI,20.0,206.0,CIN,17.0,248.0,20212CINCHI
25,JAX,13.0,189.0,DEN,23.0,398.0,20212DENJAX
26,ARI,34.0,474.0,MIN,33.0,419.0,20212MINARI
27,TB,48.0,341.0,ATL,25.0,348.0,20212ATLTB
28,SEA,30.0,397.0,TEN,33.0,532.0,20212TENSEA
29,LAC,17.0,408.0,DAL,20.0,419.0,20212DALLAC
30,BAL,36.0,481.0,KC,35.0,405.0,20212KCBAL
31,GB,35.0,323.0,DET,17.0,344.0,20212DETGB
32,HOU,9.0,193.0,CAR,24.0,407.0,20213CARHOU
33,NYG,14.0,346.0,ATL,17.0,296.0,20213ATLNYG
34,BUF,43.0,481.0,WAS,21.0,290.0,20213WASBUF
35,NE,13.0,300.0,NO,28.0,252.0,20213NONE
36,CLE,26.0,418.0,CHI,6.0,47.0,20213CHICLE
37,PIT,10.0,342.0,CIN,24.0,268.0,20213CINPIT
38,DET,17.0,285.0,BAL,19.0,387.0,20213BALDET
39,KC,24.0,437.0,LAC,30.0,352.0,20213LACKC
40,TEN,25.0,368.0,IND,16.0,265.0,20213INDTEN
41,JAX,19.0,361.0,ARI,31.0,407.0,20213ARIJAX
42,LV,31.0,497.0,MIA,28.0,330.0,20213MIALV
43,DEN,26.0,343.0,NYJ,0.0,162.0,20213NYJDEN
44,LAR,34.0,407.0,TB,24.0,446.0,20213TBLAR
45,MIN,30.0,453.0,SEA,17.0,389.0,20213SEAMIN
46,SF,28.0,298.0,GB,30.0,353.0,20213GBSF
47,DAL,41.0,380.0,PHI,21.0,367.0,20213PHIDAL
48,CIN,24.0,420.0,JAX,21.0,341.0,20214JAXCIN
49,PHI,30.0,461.0,KC,42.0,471.0,20214KCPHI
50,DAL,36.0,433.0,CAR,28.0,379.0,20214CARDAL
51,MIA,17.0,203.0,IND,27.0,349.0,20214INDMIA
52,ATL,30.0,374.0,WAS,34.0,412.0,20214WASATL
53,BUF,40.0,450.0,HOU,0.0,109.0,20214HOUBUF
54,NO,21.0,405.0,NYG,27.0,485.0,20214NYGNO
55,NYJ,27.0,355.0,TEN,24.0,430.0,20214TENNYJ
56,CHI,24.0,373.0,DET,14.0,351.0,20214DETCHI
57,MIN,7.0,255.0,CLE,14.0,327.0,20214CLEMIN
58,LAR,20.0,401.0,ARI,37.0,465.0,20214ARILAR
59,SF,21.0,457.0,SEA,28.0,234.0,20214SEASF
60,DEN,7.0,254.0,BAL,23.0,406.0,20214BALDEN
61,GB,27.0,367.0,PIT,17.0,282.0,20214PITGB
62,NE,17.0,294.0,TB,19.0,381.0,20214TBNE
63,LAC,28.0,380.0,LV,14.0,213.0,20214LVLAC
64,SEA,17.0,354.0,LAR,26.0,476.0,20215LARSEA
65,ATL,27.0,450.0,NYJ,20.0,230.0,20215NYJATL
66,WAS,22.0,373.0,NO,33.0,369.0,20215NOWAS
67,CIN,22.0,367.0,GB,25.0,466.0,20215GBCIN
68,PIT,27.0,391.0,DEN,19.0,374.0,20215DENPIT
69,HOU,22.0,360.0,NE,25.0,352.0,20215NEHOU
70,JAX,19.0,454.0,TEN,37.0,368.0,20215TENJAX
71,TB,45.0,558.0,MIA,17.0,301.0,20215MIATB
72,CAR,18.0,267.0,PHI,21.0,273.0,20215PHICAR
73,MIN,19.0,384.0,DET,17.0,288.0,20215DETMIN
74,LV,9.0,259.0,CHI,20.0,252.0,20215CHILV
75,LAC,47.0,493.0,CLE,42.0,531.0,20215CLELAC
76,DAL,44.0,515.0,NYG,20.0,367.0,20215NYGDAL
77,ARI,17.0,304.0,SF,10.0,338.0,20215SFARI
78,KC,20.0,392.0,BUF,38.0,436.0,20215BUFKC
79,BAL,31.0,523.0,IND,25.0,513.0,20215INDBAL
80,PHI,22.0,213.0,TB,28.0,399.0,20216TBPHI
81,JAX,23.0,396.0,MIA,20.0,431.0,20216MIAJAX
82,CAR,28.0,306.0,MIN,34.0,571.0,20216MINCAR
83,IND,31.0,388.0,HOU,3.0,353.0,20216HOUIND
84,WAS,13.0,276.0,KC,31.0,499.0,20216KCWAS
85,NYG,11.0,261.0,LAR,38.0,365.0,20216LARNYG
86,CHI,14.0,277.0,GB,24.0,323.0,20216GBCHI
87,DET,11.0,228.0,CIN,34.0,398.0,20216CINDET
88,BAL,34.0,327.0,LAC,6.0,208.0,20216LACBAL
89,CLE,14.0,290.0,ARI,37.0,352.0,20216ARICLE
90,NE,29.0,335.0,DAL,35.0,567.0,20216DALNE
91,DEN,24.0,421.0,LV,34.0,426.0,20216LVDEN
92,PIT,23.0,345.0,SEA,20.0,309.0,20216SEAPIT
93,TEN,34.0,362.0,BUF,31.0,417.0,20216BUFTEN
94,CLE,17.0,376.0,DEN,14.0,223.0,20217DENCLE
95,MIA,28.0,413.0,ATL,30.0,397.0,20217ATLMIA
96,TEN,27.0,369.0,KC,3.0,334.0,20217KCTEN
97,NE,54.0,551.0,NYJ,13.0,299.0,20217NYJNE
98,BAL,17.0,393.0,CIN,41.0,520.0,20217CINBAL
99,GB,24.0,304.0,WAS,10.0,430.0,20217WASGB
100,NYG,25.0,302.0,CAR,3.0,173.0,20217CARNYG
101,LV,33.0,442.0,PHI,22.0,358.0,20217PHILV
102,LAR,28.0,374.0,DET,19.0,415.0,20217DETLAR
103,TB,38.0,408.0,CHI,3.0,311.0,20217CHITB
104,ARI,31.0,397.0,HOU,5.0,160.0,20217HOUARI
105,SF,18.0,280.0,IND,30.0,295.0,20217INDSF
106,SEA,10.0,219.0,NO,13.0,304.0,20217NOSEA
107,ARI,21.0,334.0,GB,24.0,335.0,20218GBARI
108,ATL,13.0,213.0,CAR,19.0,332.0,20218CARATL
109,BUF,26.0,351.0,MIA,11.0,262.0,20218MIABUF
110,IND,31.0,307.0,TEN,34.0,340.0,20218TENIND
111,CHI,22.0,324.0,SF,33.0,467.0,20218SFCHI
112,NYJ,34.0,511.0,CIN,31.0,318.0,20218CINNYJ
113,CLE,10.0,306.0,PIT,15.0,370.0,20218PITCLE
114,DET,6.0,228.0,PHI,44.0,350.0,20218PHIDET
115,HOU,22.0,323.0,LAR,38.0,467.0,20218LARHOU
116,SEA,31.0,229.0,JAX,7.0,309.0,20218JAXSEA
117,LAC,24.0,369.0,NE,27.0,352.0,20218NELAC
118,NO,36.0,361.0,TB,27.0,421.0,20218TBNO
119,DEN,17.0,273.0,WAS,10.0,342.0,20218WASDEN
120,MIN,16.0,278.0,DAL,20.0,419.0,20218DALMIN
121,KC,20.0,368.0,NYG,17.0,300.0,20218NYGKC
122,IND,45.0,532.0,NYJ,30.0,486.0,20219NYJIND
123,BAL,34.0,500.0,MIN,31.0,318.0,20219MINBAL
124,NO,25.0,376.0,ATL,27.0,366.0,20219ATLNO
125,JAX,9.0,218.0,BUF,6.0,301.0,20219BUFJAX
126,DAL,16.0,290.0,DEN,30.0,407.0,20219DENDAL
127,CAR,6.0,240.0,NE,24.0,273.0,20219NECAR
128,NYG,23.0,247.0,LV,16.0,403.0,20219LVNYG
129,CIN,16.0,348.0,CLE,41.0,361.0,20219CLECIN
130,MIA,17.0,262.0,HOU,9.0,272.0,20219HOUMIA
131,PHI,24.0,331.0,LAC,27.0,445.0,20219LACPHI
132,SF,17.0,337.0,ARI,31.0,437.0,20219ARISF
133,KC,13.0,237.0,GB,7.0,301.0,20219GBKC
134,LAR,16.0,347.0,TEN,28.0,194.0,20219TENLAR
135,PIT,29.0,280.0,CHI,27.0,414.0,20219CHIPIT
136,MIA,22.0,350.0,BAL,10.0,304.0,202110BALMIA
137,DAL,43.0,431.0,ATL,3.0,214.0,202110ATLDAL
138,NYJ,17.0,366.0,BUF,45.0,489.0,202110BUFNYJ
139,WAS,29.0,320.0,TB,19.0,273.0,202110TBWAS
140,PIT,16.0,387.0,DET,16.0,306.0,202110DETPIT
141,TEN,23.0,264.0,NO,21.0,373.0,202110NOTEN
142,NE,45.0,452.0,CLE,7.0,217.0,202110CLENE
143,IND,23.0,295.0,JAX,17.0,331.0,202110JAXIND
144,LAC,20.0,253.0,MIN,27.0,381.0,202110MINLAC
145,ARI,10.0,169.0,CAR,34.0,341.0,202110CARARI
146,GB,17.0,393.0,SEA,0.0,208.0,202110SEAGB
147,DEN,13.0,308.0,PHI,30.0,386.0,202110PHIDEN
148,LV,14.0,299.0,KC,41.0,516.0,202110KCLV
149,SF,31.0,335.0,LAR,10.0,278.0,202110LARSF
150,ATL,0.0,165.0,NE,25.0,308.0,202111NEATL
151,MIN,,,GB,,,202111GBMIN
152,BUF,,,IND,,,202111INDBUF
153,CLE,,,DET,,,202111DETCLE
154,TEN,,,HOU,,,202111HOUTEN
155,CHI,,,BAL,,,202111BALCHI
156,NYJ,,,MIA,,,202111MIANYJ
157,PHI,,,NO,,,202111NOPHI
158,CAR,,,WAS,,,202111WASCAR
159,JAX,,,SF,,,202111SFJAX
160,LV,,,CIN,,,202111CINLV
161,SEA,,,ARI,,,202111ARISEA
162,KC,,,DAL,,,202111DALKC
163,LAC,,,PIT,,,202111PITLAC
164,TB,,,NYG,,,202111NYGTB
165,DET,,,CHI,,,202112CHIDET
166,DAL,,,LV,,,202112LVDAL
167,NO,,,BUF,,,202112BUFNO
168,HOU,,,NYJ,,,202112NYJHOU
169,JAX,,,ATL,,,202112ATLJAX
170,IND,,,TB,,,202112TBIND
171,MIA,,,CAR,,,202112CARMIA
172,NE,,,TEN,,,202112TENNE
173,CIN,,,PIT,,,202112PITCIN
174,NYG,,,PHI,,,202112PHINYG
175,DEN,,,LAC,,,202112LACDEN
176,SF,,,MIN,,,202112MINSF
177,GB,,,LAR,,,202112LARGB
178,BAL,,,CLE,,,202112CLEBAL
179,WAS,,,SEA,,,202112SEAWAS
180,NO,,,DAL,,,202113DALNO
181,KC,,,DEN,,,202113DENKC
182,NYJ,,,PHI,,,202113PHINYJ
183,MIA,,,NYG,,,202113NYGMIA
184,CHI,,,ARI,,,202113ARICHI
185,DET,,,MIN,,,202113MINDET
186,ATL,,,TB,,,202113TBATL
187,HOU,,,IND,,,202113INDHOU
188,CIN,,,LAC,,,202113LACCIN
189,LV,,,WAS,,,202113WASLV
190,PIT,,,BAL,,,202113BALPIT
191,LAR,,,JAX,,,202113JAXLAR
192,SEA,,,SF,,,202113SFSEA
193,BUF,,,NE,,,202113NEBUF
194,MIN,,,PIT,,,202114PITMIN
195,TEN,,,JAX,,,202114JAXTEN
196,NYJ,,,NO,,,202114NONYJ
197,CAR,,,ATL,,,202114ATLCAR
198,CLE,,,BAL,,,202114BALCLE
199,KC,,,LV,,,202114LVKC
200,HOU,,,SEA,,,202114SEAHOU
201,WAS,,,DAL,,,202114DALWAS
202,CIN,,,SF,,,202114SFCIN
203,DEN,,,DET,,,202114DETDEN
204,LAC,,,NYG,,,202114NYGLAC
205,TB,,,BUF,,,202114BUFTB
206,GB,,,CHI,,,202114CHIGB
207,ARI,,,LAR,,,202114LARARI
208,LAC,,,KC,,,202115KCLAC
209,IND,,,NE,,,202115NEIND
210,CLE,,,LV,,,202115LVCLE
211,NYG,,,DAL,,,202115DALNYG
212,BAL,,,GB,,,202115GBBAL
213,MIA,,,NYJ,,,202115NYJMIA
214,BUF,,,CAR,,,202115CARBUF
215,PHI,,,WAS,,,202115WASPHI
216,JAX,,,HOU,,,202115HOUJAX
217,PIT,,,TEN,,,202115TENPIT
218,DET,,,ARI,,,202115ARIDET
219,SF,,,ATL,,,202115ATLSF
220,DEN,,,CIN,,,202115CINDEN
221,LAR,,,SEA,,,202115SEALAR
222,TB,,,NO,,,202115NOTB
223,CHI,,,MIN,,,202115MINCHI
224,TEN,,,SF,,,202116SFTEN
225,GB,,,CLE,,,202116CLEGB
226,ARI,,,IND,,,202116INDARI
227,CAR,,,TB,,,202116TBCAR
228,CIN,,,BAL,,,202116BALCIN
229,ATL,,,DET,,,202116DETATL
230,PHI,,,NYG,,,202116NYGPHI
231,HOU,,,LAC,,,202116LACHOU
232,NYJ,,,JAX,,,202116JAXNYJ
233,NE,,,BUF,,,202116BUFNE
234,MIN,,,LAR,,,202116LARMIN
235,SEA,,,CHI,,,202116CHISEA
236,KC,,,PIT,,,202116PITKC
237,LV,,,DEN,,,202116DENLV
238,DAL,,,WAS,,,202116WASDAL
239,NO,,,MIA,,,202116MIANO
240,NE,,,JAX,,,202117JAXNE
241,NO,,,CAR,,,202117CARNO
242,DAL,,,ARI,,,202117ARIDAL
243,BUF,,,ATL,,,202117ATLBUF
244,NYJ,,,TB,,,202117TBNYJ
245,IND,,,LV,,,202117LVIND
246,WAS,,,PHI,,,202117PHIWAS
247,TEN,,,MIA,,,202117MIATEN
248,CHI,,,NYG,,,202117NYGCHI
249,CIN,,,KC,,,202117KCCIN
250,SF,,,HOU,,,202117HOUSF
251,LAC,,,DEN,,,202117DENLAC
252,BAL,,,LAR,,,202117LARBAL
253,SEA,,,DET,,,202117DETSEA
254,GB,,,MIN,,,202117MINGB
255,PIT,,,CLE,,,202117CLEPIT
256,ATL,,,NO,,,202118NOATL
257,MIN,,,CHI,,,202118CHIMIN
258,HOU,,,TEN,,,202118TENHOU
259,MIA,,,NE,,,202118NEMIA
260,TB,,,CAR,,,202118CARTB
261,CLE,,,CIN,,,202118CINCLE
262,PHI,,,DAL,,,202118DALPHI
263,NYG,,,WAS,,,202118WASNYG
264,JAX,,,IND,,,202118INDJAX
265,BAL,,,PIT,,,202118PITBAL
266,DET,,,GB,,,202118GBDET
267,BUF,,,NYJ,,,202118NYJBUF
268,DEN,,,KC,,,202118KCDEN
269,ARI,,,SEA,,,202118SEAARI
270,LAR,,,SF,,,202118SFLAR
271,LV,,,LAC,,,202118LACLV
